name,count,code,country,presence,origin,distribution_code
39341,157,AG,Antigua and Barbuda,Extant,Native,unspecified
39341,157,AI,Anguilla,Extant,Native,unspecified
39341,157,AL,Albania,Extant,Native,unspecified
39341,157,AO,Angola,Extant,Native,unspecified
39341,157,AR,Argentina,Extant,Native,unspecified
39341,157,AS,American Samoa,Extant,Native,unspecified
39341,157,AU,Australia,Extant,Native,unspecified
39341,157,AW,Aruba,Extant,Native,unspecified
39341,157,BB,Barbados,Extant,Native,unspecified
39341,157,BD,Bangladesh,Extant,Native,unspecified
39341,157,BJ,Benin,Extant,Native,unspecified
39341,157,BL,Saint Barthélemy,Extant,Native,unspecified
39341,157,BM,Bermuda,Extant,Native,unspecified
39341,157,BN,Brunei Darussalam,Extant,Native,unspecified
39341,157,BQ,"Bonaire, Sint Eustatius and Saba",Extant,Native,unspecified
39341,157,BR,Brazil,Extant,Native,unspecified
39341,157,BS,Bahamas,Extant,Native,unspecified
39341,157,BZ,Belize,Extant,Native,unspecified
39341,157,CA,Canada,Extant,Native,unspecified
39341,157,CC,Cocos (Keeling) Islands,Extant,Native,unspecified
39341,157,CG,Congo,Extant,Native,unspecified
39341,157,CI,Côte d'Ivoire,Extant,Native,unspecified
39341,157,CK,Cook Islands,Extant,Native,unspecified
39341,157,CL,Chile,Extant,Native,unspecified
39341,157,CM,Cameroon,Extant,Native,unspecified
39341,157,CN,China,Extant,Native,unspecified
39341,157,CO,Colombia,Extant,Native,unspecified
39341,157,CR,Costa Rica,Extant,Native,unspecified
39341,157,CU,Cuba,Extant,Native,unspecified
39341,157,CV,Cabo Verde,Extant,Native,unspecified
39341,157,CW,Curaçao,Extant,Native,unspecified
39341,157,CX,Christmas Island,Extant,Native,unspecified
39341,157,CY,Cyprus,Extant,Native,unspecified
39341,157,DM,Dominica,Extant,Native,unspecified
39341,157,DO,Dominican Republic,Extant,Native,unspecified
39341,157,DZ,Algeria,Extant,Native,unspecified
39341,157,EC,Ecuador,Extant,Native,unspecified
39341,157,EG,Egypt,Extant,Native,unspecified
39341,157,EH,Western Sahara,Extant,Native,unspecified
39341,157,ER,Eritrea,Extant,Native,unspecified
39341,157,ES,Spain,Extant,Native,unspecified
39341,157,FJ,Fiji,Extant,Native,unspecified
39341,157,FM,"Micronesia, Federated States of ",Extant,Native,unspecified
39341,157,FR,France,Extant,Native,unspecified
39341,157,GA,Gabon,Extant,Native,unspecified
39341,157,GB,United Kingdom of Great Britain and Northern Ireland,Extant,Native,unspecified
39341,157,GD,Grenada,Extant,Native,unspecified
39341,157,GF,French Guiana,Extant,Native,unspecified
39341,157,GH,Ghana,Extant,Native,unspecified
39341,157,GI,Gibraltar,Extant,Native,unspecified
39341,157,GM,Gambia,Extant,Native,unspecified
39341,157,GN,Guinea,Extant,Native,unspecified
39341,157,GP,Guadeloupe,Extant,Native,unspecified
39341,157,GQ,Equatorial Guinea,Extant,Native,unspecified
39341,157,GR,Greece,Extant,Native,unspecified
39341,157,GT,Guatemala,Extant,Native,unspecified
39341,157,GU,Guam,Extant,Native,unspecified
39341,157,GW,Guinea-Bissau,Extant,Native,unspecified
39341,157,GY,Guyana,Extant,Native,unspecified
39341,157,HN,Honduras,Extant,Native,unspecified
39341,157,HR,Croatia,Extant,Native,unspecified
39341,157,HT,Haiti,Extant,Native,unspecified
39341,157,ID,Indonesia,Extant,Native,unspecified
39341,157,IE,Ireland,Extant,Native,unspecified
39341,157,IL,Israel,Extant,Native,unspecified
39341,157,IN,India,Extant,Native,unspecified
39341,157,IR,"Iran, Islamic Republic of",Extant,Native,unspecified
39341,157,IT,Italy,Extant,Native,unspecified
39341,157,JM,Jamaica,Extant,Native,unspecified
39341,157,JP,Japan,Extant,Native,unspecified
39341,157,KE,Kenya,Extant,Native,unspecified
39341,157,KH,Cambodia,Extant,Native,unspecified
39341,157,KI,Kiribati,Extant,Native,unspecified
39341,157,KN,Saint Kitts and Nevis,Extant,Native,unspecified
39341,157,KP,"Korea, Democratic People's Republic of",Extant,Native,unspecified
39341,157,KR,"Korea, Republic of",Extant,Native,unspecified
39341,157,KY,Cayman Islands,Extant,Native,unspecified
39341,157,LC,Saint Lucia,Extant,Native,unspecified
39341,157,LK,Sri Lanka,Extant,Native,unspecified
39341,157,LR,Liberia,Extant,Native,unspecified
39341,157,LY,Libya,Extant,Native,unspecified
39341,157,MA,Morocco,Extant,Native,unspecified
39341,157,ME,Montenegro,Extant,Native,unspecified
39341,157,MF,Saint Martin (French part),Extant,Native,unspecified
39341,157,MG,Madagascar,Extant,Native,unspecified
39341,157,MH,Marshall Islands,Extant,Native,unspecified
39341,157,MM,Myanmar,Extant,Native,unspecified
39341,157,MO,Macao,Extant,Native,unspecified
39341,157,MP,Northern Mariana Islands,Extant,Native,unspecified
39341,157,MQ,Martinique,Extant,Native,unspecified
39341,157,MR,Mauritania,Extant,Native,unspecified
39341,157,MS,Montserrat,Extant,Native,unspecified
39341,157,MT,Malta,Extant,Native,unspecified
39341,157,MU,Mauritius,Extant,Native,unspecified
39341,157,MV,Maldives,Extant,Native,unspecified
39341,157,MX,Mexico,Extant,Native,unspecified
39341,157,MY,Malaysia,Extant,Native,unspecified
39341,157,MZ,Mozambique,Extant,Native,unspecified
39341,157,"NA",Namibia,Extant,Native,unspecified
39341,157,NC,New Caledonia,Extant,Native,unspecified
39341,157,NF,Norfolk Island,Extant,Native,unspecified
39341,157,NG,Nigeria,Extant,Native,unspecified
39341,157,NI,Nicaragua,Extant,Native,unspecified
39341,157,NO,Norway,Extant,Native,unspecified
39341,157,NR,Nauru,Extant,Native,unspecified
39341,157,NU,Niue,Extant,Native,unspecified
39341,157,NZ,New Zealand,Extant,Native,unspecified
39341,157,OM,Oman,Extant,Native,unspecified
39341,157,PA,Panama,Extant,Native,unspecified
39341,157,PE,Peru,Extant,Native,unspecified
39341,157,PF,French Polynesia,Extant,Native,unspecified
39341,157,PG,Papua New Guinea,Extant,Native,unspecified
39341,157,PH,Philippines,Extant,Native,unspecified
39341,157,PK,Pakistan,Extant,Native,unspecified
39341,157,PN,Pitcairn,Extant,Native,unspecified
39341,157,PR,Puerto Rico,Extant,Native,unspecified
39341,157,PT,Portugal,Extant,Native,unspecified
39341,157,PW,Palau,Extant,Native,unspecified
39341,157,RE,Réunion,Extant,Native,unspecified
39341,157,RU,Russian Federation,Extant,Native,unspecified
39341,157,SA,Saudi Arabia,Extant,Native,unspecified
39341,157,SB,Solomon Islands,Extant,Native,unspecified
39341,157,SC,Seychelles,Extant,Native,unspecified
39341,157,SD,Sudan,Extant,Native,unspecified
39341,157,SG,Singapore,Extant,Native,unspecified
39341,157,SH,"Saint Helena, Ascension and Tristan da Cunha",Extant,Native,unspecified
39341,157,SL,Sierra Leone,Extant,Native,unspecified
39341,157,SN,Senegal,Extant,Native,unspecified
39341,157,SO,Somalia,Extant,Native,unspecified
39341,157,SR,Suriname,Extant,Native,unspecified
39341,157,ST,Sao Tome and Principe,Extant,Native,unspecified
39341,157,SV,El Salvador,Extant,Native,unspecified
39341,157,SX,Sint Maarten (Dutch part),Extant,Native,unspecified
39341,157,TC,Turks and Caicos Islands,Extant,Native,unspecified
39341,157,TH,Thailand,Extant,Native,unspecified
39341,157,TK,Tokelau,Extant,Native,unspecified
39341,157,TL,Timor-Leste,Extant,Native,unspecified
39341,157,TN,Tunisia,Extant,Native,unspecified
39341,157,TO,Tonga,Extant,Native,unspecified
39341,157,TR,Turkey,Extant,Native,unspecified
39341,157,TT,Trinidad and Tobago,Extant,Native,unspecified
39341,157,TV,Tuvalu,Extant,Native,unspecified
39341,157,TW,"Taiwan, Province of China",Extant,Native,unspecified
39341,157,TZ,"Tanzania, United Republic of",Extant,Native,unspecified
39341,157,UM,United States Minor Outlying Islands,Extant,Native,unspecified
39341,157,US,United States of America,Extant,Native,unspecified
39341,157,UY,Uruguay,Extant,Native,unspecified
39341,157,VC,Saint Vincent and the Grenadines,Extant,Native,unspecified
39341,157,VE,"Venezuela, Bolivarian Republic of",Extant,Native,unspecified
39341,157,VG,"Virgin Islands, British",Extant,Native,unspecified
39341,157,VI,"Virgin Islands, U.S.",Extant,Native,unspecified
39341,157,VN,Viet Nam,Extant,Native,unspecified
39341,157,VU,Vanuatu,Extant,Native,unspecified
39341,157,WF,Wallis and Futuna,Extant,Native,unspecified
39341,157,WS,Samoa,Extant,Native,unspecified
39341,157,YE,Yemen,Extant,Native,unspecified
39341,157,ZA,South Africa,Extant,Native,unspecified
