"Taxonkey","TaxonName","CommonName","forage_fish"
1e+05,"Marine animals","Marine animals",NA
100025,"Miscellaneous diadromous fishes","Diadromous fishes",NA
100035,"Clupeoids","Herrings sardines anchovies",NA
100036,"Scombroids","Tunas bonitos billfishes",NA
100038,"Sharks rays chimaeras","Sharks rays skates etc",NA
100039,"Marine fishes not identified","Marine fishes",NA
100043,"Homaridae/Palinuridae","Lobsters spiny-rock lobsters",NA
100044,"King crabs squat-lobsters","Craylets squat lobsters",NA
100047,"Miscellaneous marine crustaceans","Marine crustaceans",NA
100056,"Clams cockles arkshells","Clams cockles arkshells",NA
100058,"Miscellaneous marine molluscs","Marine molluscs",NA
100139,"Marine fishes not identified","Finfishes",NA
100176,"Starfish and other echinoderms","Starfishes",NA
100276,"Sea-urchins and other echinoderms","Sea urchins",NA
100338,"Sharks rays chimaeras","Cartilaginous fishes",NA
100339,"Marine fishes not identified","Pelagic fishes",NA
100345,"Shrimps prawns","Natantian decapods",NA
100538,"Sharks rays chimaeras","Various sharks",NA
200003,"Holocephali","Chimaeras ratfish rabbitfish",NA
200004,"Elasmobranchii","Sharks and rays",NA
290002,"Cephalopoda","Cephalopods",NA
290004,"Bivalvia","Clams",NA
290005,"Ascidiacea","Sea squirts",NA
290006,"Gastropoda","Gastropods",NA
290010,"Asteroidea","Sea stars",NA
290011,"Echinoidea","Sea urchins",NA
290012,"Holothuroidea","Sea cucumbers",NA
290022,"Crustacea","Crustaceans",NA
300003,"Chimaeriformes","Chimaeras",NA
300007,"Lamniformes","Mackerel sharks",NA
300008,"Carcharhiniformes","Ground sharks",NA
300009,"Squaliformes","Bramble sleeper dogfish sharks",NA
300014,"Rajiformes","Skates and rays",NA
300026,"Anguilliformes","Eels and morays",NA
300028,"Clupeiformes","Herrings",1
300044,"Gadiformes","Cods",NA
300059,"Scorpaeniformes","Scorpionfishes and flatheads",NA
300060,"Perciformes","Perch-likes",NA
300061,"Pleuronectiformes","Flatfishes",NA
390002,"Teuthida","Squids",NA
390006,"Sepiida","Cuttlefishes",NA
390007,"Octopoda","Octopuses",NA
390017,"Stomatopoda","Mantis shrimps",NA
400002,"Myxinidae","Hagfishes",NA
400009,"Lamnidae","Mackerel sharks white sharks",NA
400010,"Scyliorhinidae","Cat sharks",NA
400011,"Carcharhinidae","Requiem sharks",NA
400012,"Sphyrnidae","Hammerhead bonnethead scoophead shark",NA
400013,"Squalidae","Dogfish sharks",NA
400015,"Squatinidae","Angel sharks",NA
400016,"Pristidae","Sawfishes",NA
400017,"Rhinobatidae","Guitarfishes",NA
400019,"Rajidae","Skates",NA
400020,"Dasyatidae","Stingrays",NA
400022,"Myliobatidae","Eagle and manta rays",NA
400043,"Clupeidae","Herrings shads sardines menhadens",NA
400056,"Muraenidae","Moray eels",NA
400062,"Congridae","Conger and garden eels",NA
400066,"Ophichthidae","Snake eels",NA
400076,"Salmonidae","Salmonids",NA
400080,"Osmeridae","Smelts",NA
400084,"Bathylagidae","Deep-sea smelts",NA
400145,"Ariidae","Sea catfishes",NA
400160,"Synodontidae","Lizardfishes",NA
400163,"Chlorophthalmidae","Greeneyes",NA
400167,"Myctophidae","Lanternfishes",NA
400180,"Moridae","Codlings",NA
400183,"Gadidae","Cods and haddocks",NA
400185,"Macrouridae","Grenadiers or rattails",NA
400186,"Ophidiidae","Cusk-eels",NA
400189,"Batrachoididae","Toadfishes",NA
400190,"Lophiidae","Goosefishes",NA
400206,"Exocoetidae","Flyingfishes",NA
400207,"Belonidae","Needlefishes",NA
400208,"Scomberesocidae","Sauries",1
400218,"Atherinidae","Silversides",1
400236,"Trachichthyidae","Slimeheads",NA
400240,"Berycidae","Alfonsinos",NA
400243,"Holocentridae","Squirrelfishes soldierfishes",NA
400249,"Zeidae","Dories",NA
400250,"Oreosomatidae","Oreos",NA
400252,"Caproidae","Boarfishes",NA
400264,"Scorpaenidae","Scorpionfishes or rockfishes",NA
400266,"Triglidae","Searobins",NA
400273,"Platycephalidae","Flatheads",NA
400277,"Cottidae","Sculpins",NA
400289,"Serranidae","Sea basses groupers fairy basslets",NA
400304,"Apogonidae","Cardinalfishes",NA
400307,"Sillaginidae","Smelt-whitings",1
400308,"Malacanthidae","Tilefishes",NA
400313,"Echeneidae","Remoras",NA
400314,"Carangidae","Jacks and pompanos",NA
400318,"Leiognathidae","Slimys slipmouths or ponyfishes",NA
400319,"Bramidae","Pomfrets",NA
400323,"Lutjanidae","Snappers",NA
400324,"Nemipteridae","Threadfin breams Whiptail breams",NA
400326,"Gerreidae","Mojarras",1
400327,"Haemulidae","Grunts",NA
400328,"Lethrinidae","Emperors or scavengers",NA
400330,"Sparidae","Porgies",NA
400331,"Sciaenidae","Drums or croakers",NA
400332,"Mullidae","Goatfishes",NA
400340,"Ephippidae","Spadefishes batfishes and scats",NA
400356,"Latridae","Trumpeters",1
400359,"Mugilidae","Mullets",NA
400361,"Polynemidae","Threadfins",NA
400362,"Labridae","Wrasses",NA
400364,"Scaridae","Parrotfishes",NA
400377,"Trachinidae","Weeverfishes",NA
400382,"Nototheniidae","Cod icefishes",NA
400383,"Bathydraconidae","Antarctic dragonfishes",NA
400384,"Channichthyidae","Crocodile icefishes",NA
400402,"Ammodytidae","Sand lances",1
400405,"Gobiidae","Gobies",NA
400412,"Acanthuridae","Surgeonfishes tangs unicornfishes",NA
400414,"Gempylidae","Snake mackerels",NA
400415,"Trichiuridae","Cutlassfishes",NA
400416,"Scombridae","Mackerels tunas bonitos",NA
400419,"Istiophoridae","Billfishes",NA
400421,"Centrolophidae","Medusafishes",NA
400425,"Stromateidae","Butterfishes",NA
400439,"Bothidae","Lefteye flounders",NA
400440,"Pleuronectidae","Righteye flounders",NA
400441,"Soleidae","Soles",NA
400442,"Cynoglossidae","Tonguefishes",NA
400445,"Balistidae","Triggerfishes",NA
400446,"Ostraciidae","Boxfishes (cowfish and trunkfish)",NA
400448,"Tetraodontidae","Puffers",NA
400454,"Engraulidae","Anchovies",1
400459,"Caesionidae","Fusiliers",NA
400460,"Pomacanthidae","Angelfishes",NA
400475,"Hemiramphidae","Halfbeaks",NA
400479,"Inermiidae","Bonnetmouths",NA
400488,"Triakidae","Houndsharks",NA
400509,"Ambassidae","Asiatic glassfishes",NA
400515,"Scophthalmidae","Turbots",NA
400517,"Monacanthidae","Filefishes",NA
400581,"Peristediidae","Armored searobins or armored gurnards",NA
400591,"Artedidraconidae","Barbled plunderfishes",NA
400595,"Macroramphosidae","Snipefishes",NA
490004,"Ommastrephidae","Arrow squids",NA
490011,"Sepiidae","Cuttlefishes",NA
490012,"Octopodidae","Octopuses",NA
490021,"Buccinidae","Buccinidae",NA
490030,"Palaemonidae","Palaemonid shrimps",NA
490031,"Portunidae","Swimming crabs",NA
490036,"Lithodidae","King crabs",NA
490039,"Palinuridae","Spiny lobsters",NA
490040,"Scyllaridae","Slipper lobsters",NA
490041,"Sergestidae","Sergestid shrimp",NA
490042,"Aristeidae","Aristeid shrimps",NA
490043,"Penaeidae","Penaeid shrimps",NA
490044,"Crangonidae","Crongonid shrimp",NA
490046,"Pandalidae","Norther shrimps",NA
490052,"Squillidae","Mantis shrimps",NA
490054,"Mytilidae","Sea mussels",NA
490055,"Pectinidae","Scallops",NA
490058,"Cardiidae","Cockles",NA
490060,"Veneridae","Venus clams",NA
490061,"Solenidae","Razor clams knife clams",NA
490063,"Mactridae","Mactra surf clams",NA
490097,"Brachyura","Marine crabs",NA
490124,"Galatheidae","Squat lobsters",NA
500048,"Paralichthys","American flounders",NA
500107,"Squalus","Dogfishes",NA
500108,"Raja","Skates",NA
500112,"Lophius","Monkfishes",NA
500116,"Coryphaena","Coryphaena",NA
500122,"Trachinus","Weevers",NA
500124,"Ammodytes","Sandlances",NA
500134,"Scorpaena","Scorpionfish",NA
500136,"Salmo","Salmon and trout",NA
500142,"Scomber","Mackerels",1
500143,"Mullus","Western goatfishes",NA
500144,"Trigla","Gurnards",NA
500147,"Argentina","Argentines",NA
500152,"Mugil","Grey mullets",NA
500211,"Trachipterus","Deaf fishes",NA
500240,"Siganus","Rabbitfishes",NA
500327,"Macrourus","Grenadiers",NA
500348,"Mustelus","Smooth-hounds",NA
500351,"Rhinobatos","Guitarfish",NA
500352,"Alosa","Shads",NA
500357,"Lutjanus","Snappers",NA
500366,"Epinephelus","Groupers",NA
500372,"Sphyraena","Barracudas",NA
500384,"Gymnothorax","Gymnothorax",NA
500467,"Caranx","Jacks",NA
500468,"Scomberoides","Queenfishes",NA
500477,"Kyphosus","Sea chubs",NA
500487,"Scomberomorus","Seerfishes",NA
500495,"Prionotus","Sea robins",NA
500504,"Centropomus","Snooks",NA
500515,"Leiognathus","Slipmouths",NA
500551,"Plotosus","Eel catfishes",NA
500598,"Trachinotus","Pompanos",NA
500618,"Solea","Soles",NA
500638,"Isurus","Mako sharks",NA
500639,"Alopias","Thresher sharks",NA
500640,"Galeus","Catsharks",NA
500642,"Etmopterus","Lanternsharks",NA
500646,"Dasyatis","Stingrays",NA
500654,"Merluccius","Hakes",NA
500661,"Trachurus","Jack and horse mackerels",1
500679,"Spicara","Picarels",NA
500686,"Gaidropsarus","Rocklings",NA
500693,"Sphyrna","Hammerhead sharks",NA
500705,"Diplodus","Seabreams and porgies",NA
500716,"Epigonus","Cardinalfishes",NA
500717,"Myoxocephalus","Sculpins",NA
500808,"Scolopsis","Monocle breams",NA
500809,"Dentex","Seabreams (Dentex spp)",NA
500814,"Scyliorhinus","Lesser catsharks",NA
500856,"Chirocentrus","Wolf herring",1
500871,"Belone","Needlefishes",NA
500901,"Serranus","Groupers",NA
500903,"Pagrus","Seabreams (Pagrus spp)",NA
500912,"Priacanthus","Bigeyes",NA
500928,"Seriola","Amberjacks",NA
500934,"Platax","Batfishes",NA
501055,"Gerres","Silver biddies",NA
501096,"Molva","Lings",NA
501129,"Beryx","Alfonsinos",NA
501132,"Upeneus","Tropical goatfishes",NA
501135,"Sebastes","Redfishes",NA
501145,"Pagellus","Pandoras",NA
501163,"Auxis","Frigate tuna",NA
501164,"Peprilus","Harvestfishes",NA
501242,"Scatophagus","Scats",NA
501327,"Micropogonias","Western croakers",NA
501345,"Tylosurus","Needlefishes",NA
501410,"Salvelinus","Char",NA
501418,"Microchirus","Iberian soles",NA
501464,"Pristiophorus","Sawsharks",NA
501486,"Lycodes","Eelpouts",NA
501523,"Nemadactylus","Porae",NA
501548,"Chrysoblephus","Seabreams",NA
501550,"Lithognathus","Steenbras",NA
501551,"Calamus","Porgies",NA
501552,"Nemipterus","Threadfin breams",NA
501677,"Cantherhines","Filefishes",NA
501826,"Muraenesox","Conger eels",NA
501905,"Thunnus","Tuna",NA
501940,"Sardinella","Sardinella",1
501941,"Harengula","Herring",1
502004,"Seriolella","Barrelfishes",NA
502102,"Decapterus","Scads",NA
502417,"Genypterus","Cusk eels",NA
502682,"Dicentrarchus","European/spotted seabass",NA
502724,"Oncorhynchus","Pacific salmon",NA
502790,"Menticirrhus","Kingcroakers",NA
502794,"Cynoscion","Weakfishes",NA
503028,"Mycteroperca","Cat groupers",NA
503078,"Hydrolagus","Chimaeras",NA
503124,"Lepidorhombus","Megrims",NA
503152,"Pseudotolithus","Croakers",NA
503328,"Notoscopelus","Lampfish",NA
503580,"Gymnocranius","Large-eye breams",NA
503685,"Gymnoscopelus","lanternfish",NA
503990,"Bathylagus","Bathylagus",NA
504054,"Muraenolepis","Moray cods",NA
504140,"Benthodesmus","Frostfishes",NA
504872,"Dissostichus","Toothfishes",NA
504943,"Pterygotrigla","Pterygotrigla",NA
504993,"Rhinochimaera","Longnose chimaeras",NA
505469,"Rastrelliger","Indo-Pacific mackerels",1
505799,"Austroglossus","Southern soles",NA
505897,"Anarhichas","Wolffish",NA
506253,"Coregonus","Whitefishes",NA
507720,"Stolephorus","Indo-Pacific anchovies",1
508611,"Bathyraja","Skates",NA
508895,"Pogonophryne","Blunderfish",NA
509125,"Sphoeroides","Puffers",NA
509289,"Hemiramphus","Halfbeaks",NA
509303,"Phycis","Gunnels forkbeards",NA
509366,"Trematomus","Antarctic rockcods",NA
520007,"Pampus","Silver pomfrets",NA
590010,"Loligo","Common squids",NA
590013,"Octopus","Octopuses",NA
590014,"Crassostrea","Cupped oysters",NA
590024,"Eledone","Horned and musky octopuses",NA
590046,"Haliotis","Abalones",NA
590049,"Littorina","Periwinkles",NA
590050,"Murex","Murex shells",NA
590051,"Strombus","Stromboid conchs",NA
590053,"Turbo","Turbo snails",NA
590062,"Callinectes","Blue crabs",NA
590065,"Chionoecetes","Pacific snow crabs",NA
590067,"Geryon","Deepsea crabs",NA
590070,"Lithodes","Lithodes",NA
590073,"Paralithodes","King crabs",NA
590074,"Paralomis","Paralomis",NA
590075,"Portunus","Swims crabs",NA
590079,"Metanephrops","Lobsterette",NA
590082,"Palinurus","Spiny lobsters",NA
590083,"Panulirus","Tropical spiny lobsters",NA
590088,"Crangon","Sand shrimps",NA
590089,"Haliporoides","Knife shrimps",NA
590091,"Metapenaeus","Metapenaeus shrimps",NA
590093,"Pandalus","Pandalus shrimps",NA
590094,"Parapenaeopsis","Shrimps",NA
590096,"Penaeus","Penaeus shrimps",NA
590103,"Euphausia","Euphausia",NA
590107,"Lepas","Goose barnacles",NA
590110,"Busycon","Whelks",NA
590111,"Rapana","Sea snails",NA
590112,"Ostrea","Flat oysters",NA
590116,"Modiolus","Horse mussels",NA
590117,"Mytilus","Mussels",NA
590124,"Anadara","Anadara clams",NA
590125,"Arca","Ark clams",NA
590128,"Donax","Donax clams",NA
590134,"Meretrix","Hard clams",NA
590137,"Mulinia","Taquilla clams",NA
590139,"Paphia","Short neck clams",NA
590145,"Solen","Razor clams",NA
590146,"Spisula","Surf clam",NA
590147,"Tapes","Tapes clams",NA
590242,"Patella","Limpets",NA
590244,"Scyllarides","Scyllarides",NA
590252,"Cymbium","Gondolas",NA
590260,"Sclerocrangon","Sculptured shrimps",NA
590262,"Tellina","Tellins",NA
590269,"Tresus","Gaper clams",NA
590272,"Charybdis","Indo-Pacific swimming crabs",NA
600004,"Engraulis ringens","Anchoveta",NA
600005,"Orthopristis chrysoptera","Pigfish",NA
600006,"Coryphaena hippurus","Common dolphinfish",NA
600015,"Epinephelus guttatus","Red hind",NA
600017,"Epinephelus morio","Red grouper",NA
600018,"Epinephelus striatus","Nassau grouper",NA
600020,"Argentina sphyraena","Argentine",NA
600024,"Clupea harengus","Atlantic herring",1
600026,"Glyptocephalus cynoglossus","Witch",NA
600027,"Lepidorhombus boscii","Fourspotted megrim",NA
600028,"Lepidorhombus whiffiagonis","Megrim",NA
600029,"Merlangius merlangus","Whiting",NA
600030,"Merluccius merluccius","European hake",NA
600031,"Micromesistius poutassou","Blue whiting",1
600032,"Microchirus variegatus","Thickback sole",NA
600033,"Molva molva","Ling",NA
600034,"Pollachius pollachius","Pollack",NA
600041,"Arnoglossus laterna","Scaldfish",NA
600044,"Aspitrigla cuculus","East Atlantic red gurnard",NA
600045,"Atherina presbyter","Sand smelt",NA
600047,"Belone belone","Garpike",NA
600051,"Brosme brosme","Tusk",NA
600054,"Capros aper","Boarfish",NA
600056,"Cepola macrophthalma","Red bandfish",NA
600058,"Coris julis","Mediterranean rainbow wrasse",NA
600059,"Symphodus melops","Corkwing wrasse",NA
600061,"Ctenolabrus rupestris","Goldsinny-wrasse",NA
600062,"Cyclopterus lumpus","Lumpsucker",NA
600063,"Dicentrarchus labrax","European seabass",NA
600066,"Engraulis encrasicolus","European anchovy",NA
600068,"Eutrigla gurnardus","Grey gurnard",NA
600069,"Gadus morhua","Atlantic cod",NA
600071,"Caranx hippos","Crevalle jack",NA
600072,"Gobius niger","Black goby",NA
600076,"Helicolenus dactylopterus dactylopterus","Blackbelly rosefish",NA
600077,"Istiophorus platypterus","Indo-Pacific sailfish",NA
600078,"Istiophorus albicans","Atlantic sailfish",NA
600083,"Aphareus rutilans","Rusty jobfish",NA
600084,"Aprion virescens","Green jobfish",NA
600088,"Lamna nasus","Porbeagle",NA
600089,"Acanthocybium solandri","Wahoo",NA
600090,"Cetorhinus maximus","Basking shark",NA
600093,"Auxis rochei rochei","Bullet tuna",NA
600094,"Auxis thazard thazard","Frigate tuna",NA
600096,"Euthynnus affinis","Kawakawa",NA
600097,"Euthynnus alletteratus","Little tunny",NA
600098,"Euthynnus lineatus","Black skipjack",NA
600101,"Alosa alosa","Allis shad",NA
600105,"Alosa immaculata","Pontic shad",NA
600106,"Gymnosarda unicolor","Dogtooth tuna",NA
600107,"Katsuwonus pelamis","Skipjack tuna",NA
600108,"Orcynopsis unicolor","Plain bonito",NA
600109,"Rastrelliger brachysoma","Short mackerel",1
600111,"Rastrelliger kanagurta","Indian mackerel",1
600113,"Sarda chiliensis chiliensis","Eastern Pacific bonito",NA
600114,"Sarda orientalis","Striped bonito",NA
600115,"Sarda sarda","Atlantic bonito",NA
600116,"Scomber australasicus","Blue mackerel",1
600117,"Scomber japonicus","Chub mackerel",1
600118,"Scomber scombrus","Atlantic mackerel",1
600119,"Scomberomorus brasiliensis","Serra Spanish mackerel",1
600120,"Scomberomorus cavalla","King mackerel",1
600121,"Scomberomorus commerson","Narrow-barred Spanish mackerel",1
600123,"Scomberomorus guttatus","Indo-Pacific king mackerel",1
600125,"Scomberomorus lineolatus","Streaked seerfish",NA
600126,"Scomberomorus maculatus","Spanish mackerel",1
600131,"Scomberomorus niphonius","Japanese Spanish mackerel",1
600134,"Scomberomorus regalis","Cero",NA
600136,"Scomberomorus sierra","Pacific sierra",NA
600138,"Somniosus microcephalus","Greenland shark",NA
600139,"Squalus acanthias","Piked dogfish",NA
600140,"Rhinobatos percellens","Chola guitarfish",NA
600141,"Scomberomorus tritor","West African Spanish mackerel",1
600142,"Thunnus alalunga","Albacore",NA
600143,"Thunnus albacares","Yellowfin tuna",NA
600144,"Thunnus atlanticus","Blackfin tuna",NA
600145,"Thunnus maccoyii","Southern bluefin tuna",NA
600146,"Thunnus obesus","Bigeye tuna",NA
600147,"Thunnus thynnus","Atlantic bluefin tuna",NA
600148,"Thunnus tonggol","Longtail tuna",NA
600149,"Rhinobatos planiceps","Pacific guitarfish",NA
600152,"Lutjanus guttatus","Spotted rose snapper",NA
600156,"Lutjanus kasmira","Common bluestripe snapper",NA
600162,"Lutjanus malabaricus","Malabar blood snapper",NA
600167,"Callorhinchus capensis","Cape elephantfish",NA
600171,"Lutjanus purpureus","Southern red snapper",NA
600172,"Lutjanus quinquelineatus","Five-lined snapper",NA
600175,"Elops saurus","Ladyfish",NA
600181,"Lutjanus synagris","Lane snapper",NA
600185,"Lutjanus vivanus","Silk snapper",NA
600188,"Ocyurus chrysurus","Yellowtail snapper",NA
600203,"Boops boops","Bogue",NA
600204,"Sarpa salpa","Salema",NA
600206,"Pristipomoides macrophthalmus","Cardinal snapper",NA
600213,"Rhomboplites aurorubens","Vermilion snapper",NA
600216,"Makaira nigricans","Atlantic blue marlin",NA
600217,"Makaira indica","Black marlin",NA
600218,"Makaira mazara","Indo-Pacific blue marlin",NA
600219,"Tetrapturus albidus","Atlantic white marlin",NA
600220,"Tetrapturus pfluegeri","Longbill spearfish",NA
600223,"Tetrapturus audax","Striped marlin",NA
600226,"Xiphias gladius","Swordfish",NA
600227,"Megalops cyprinoides","Indo-Pacific tarpon",NA
600228,"Albula vulpes","Bonefish",NA
600229,"Pterothrissus belloci","Longfin bonefish",NA
600230,"Alepocephalus bairdii","Bairds smooth-head",NA
600231,"Coregonus albula","Vendace",NA
600232,"Coregonus lavaretus","Common whitefish",NA
600233,"Coregonus oxyrinchus","Houting",NA
600236,"Salmo salar","Atlantic salmon",NA
600238,"Salmo trutta trutta","Sea trout",NA
600239,"Oncorhynchus mykiss","Rainbow trout",NA
600240,"Oncorhynchus gorbuscha","Pink salmon",NA
600241,"Oncorhynchus keta","Chum salmon",NA
600242,"Oncorhynchus masou masou","Cherry salmon",NA
600243,"Oncorhynchus nerka","Sockeye salmon",NA
600244,"Oncorhynchus tshawytscha","Chinook salmon",NA
600245,"Oncorhynchus kisutch","Coho salmon",NA
600247,"Salvelinus alpinus alpinus","Charr",NA
600249,"Centrolophus niger","Blackfish",NA
600250,"Schedophilus ovalis","Imperial blackfish",NA
600252,"Mallotus villosus","Capelin",1
600253,"Osmerus mordax mordax","Atlantic rainbow smelt",NA
600255,"Hypomesus pretiosus","Surf smelt",NA
600256,"Thaleichthys pacificus","Eulachon",NA
600259,"Lampanyctodes hectoris","Hectors lanternfish",NA
600260,"Harpadon nehereus","Bombay duck",NA
600264,"Lutjanus johnii","Johns snapper",NA
600265,"Lutjanus gibbus","Humpback red snapper",NA
600266,"Lutjanus griseus","Grey snapper",NA
600288,"Galeichthys feliceps","White baggar",NA
600298,"Muraenesox cinereus","Daggertooth pike conger",NA
600299,"Conger orbignianus","Argentine conger",NA
600300,"Conger oceanicus","American conger",NA
600301,"Conger conger","European conger",NA
600302,"Conger myriaster","Whitespotted conger",NA
600303,"Cololabis saira","Pacific saury",NA
600305,"Hyporhamphus sajori","Japanese halfbeak",NA
600306,"Salilota australis","Tadpole codling",NA
600308,"Gadus macrocephalus","Pacific cod",NA
600309,"Gadus ogac","Greenland cod",NA
600311,"Urophycis brasiliensis","Brazilian codling",NA
600312,"Urophycis chuss","Red hake",NA
600313,"Urophycis tenuis","White hake",NA
600314,"Eleginus nawaga","Navaga",NA
600315,"Eleginus gracilis","Saffron cod",NA
600316,"Microgadus tomcod","Atlantic tomcod",NA
600318,"Theragra chalcogramma","Alaska pollack",NA
600319,"Boreogadus saida","Polar cod",NA
600320,"Micromesistius australis","Southern blue whiting",1
600321,"Merluccius senegalensis","Senegalese hake",NA
600322,"Merluccius australis","Southern hake",NA
600323,"Merluccius bilinearis","Silver hake",NA
600324,"Merluccius gayi gayi","South Pacific hake",NA
600325,"Merluccius hubbsi","Argentine hake",NA
600326,"Merluccius productus","North Pacific hake",NA
600327,"Merluccius polli","Benguela hake",NA
600329,"Macruronus magellanicus","Patagonian grenadier",NA
600331,"Macrourus berglax","Onion-eye grenadier",NA
600332,"Coryphaenoides rupestris","Roundnose grenadier",NA
600333,"Macroramphosus scolopax","Longspine snipefish",NA
600334,"Hoplostethus atlanticus","Orange roughy",NA
600336,"Zenopsis conchifer","Silvery John dory",NA
600338,"Joturus pichardi","Bobo mullet",NA
600339,"Menidia menidia","Atlantic silverside",NA
600340,"Eleutheronema tetradactylum","Fourfinger threadfin",NA
600341,"Galeoides decadactylus","Lesser African threadfin",NA
600342,"Pentanemus quinquarius","Royal threadfin",NA
600345,"Centropomus undecimalis","Common snook",NA
600346,"Lates calcarifer","Barramundi",NA
600348,"Epinephelus analogus","Spotted grouper",NA
600349,"Polyprion americanus","Wreckfish",NA
600350,"Polyprion oxygeneios","Hapuka",NA
600351,"Acanthistius brasilianus","Sea bass",NA
600352,"Paralabrax humeralis","Peruvian rock seabass",NA
600353,"Morone saxatilis","Striped sea-bass",NA
600355,"Morone americana","White perch",NA
600356,"Priacanthus macracanthus","Red bigeye",NA
600357,"Synagrops japonicus","Japanese splitfin",NA
600361,"Centropristis striata","Black seabass",NA
600362,"Lopholatilus chamaeleonticeps","Great northern tilefish",NA
600363,"Lactarius lactarius","False trevally",NA
600364,"Pomatomus saltatrix","Bluefish",NA
600366,"Trachurus japonicus","Japanese jack mackerel",1
600367,"Trachurus murphyi","Inca scad",NA
600368,"Trachurus symmetricus","Pacific jack mackerel",1
600369,"Trachurus lathami","Rough scad",NA
600371,"Trachurus trecae","Cunene horse mackerel",1
600372,"Trachurus declivis","Greenback horse mackerel",1
600374,"Decapterus russelli","Indian scad",NA
600378,"Selene setapinnis","Atlantic moonfish",NA
600379,"Selene dorsalis","African moonfish",NA
600380,"Trachinotus carolinus","Florida pompano",NA
600382,"Seriola lalandi","Yellowtail amberjack",NA
600384,"Megalaspis cordyla","Torpedo scad",NA
600385,"Chloroscombrus chrysurus","Atlantic bumper",NA
600386,"Parona signata","Parona leatherjacket",NA
600387,"Selar crumenophthalmus","Bigeye scad",NA
600388,"Selaroides leptolepis","Yellowstripe scad",NA
600390,"Mene maculata","Moonfish",NA
600391,"Brama brama","Atlantic pomfret",NA
600392,"Arripis georgianus","Australian ruff",NA
600394,"Dicentrarchus punctatus","Spotted seabass",NA
600395,"Emmelichthys nitidus nitidus","Redbait",NA
600396,"Nemipterus virgatus","Golden threadfin bream",NA
600397,"Isacia conceptionis","Cabinza grunt",NA
600398,"Plectorhinchus mediterraneus","Rubberlip grunt",NA
600399,"Pomadasys argenteus","Silver grunt",NA
600400,"Brachydeuterus auritus","Bigeye grunt",NA
600401,"Conodon nobilis","Barred grunt",NA
600403,"Cynoscion analis","Peruvian weakfish",NA
600405,"Cynoscion nebulosus","Spotted weakfish",NA
600406,"Cynoscion regalis","Gray weakfish",NA
600407,"Cynoscion striatus","South American striped weakfish",NA
600408,"Micropogonias undulatus","Atlantic croaker",NA
600410,"Menticirrhus saxatilis","Northern kingcroaker",NA
600411,"Menticirrhus littoralis","Gulf kingcroaker",NA
600412,"Elagatis bipinnulata","Rainbow runner",NA
600413,"Umbrina canosai","Argentine croaker",NA
600416,"Larimichthys polyactis","Yellow croaker",NA
600417,"Macrodon ancylodon","King weakfish",NA
600418,"Argyrosomus regius","Meagre",NA
600419,"Argyrosomus hololepidotus","Southern meagre",NA
600420,"Atractoscion aequidens","Geelbeck croaker",NA
600422,"Genyonemus lineatus","White croaker",NA
600423,"Pteroscion peli","Boe drum",NA
600424,"Paralonchurus peruanus","Peruvian banded croaker",NA
600425,"Pogonias cromis","Black drum",NA
600426,"Epinephelus aeneus","White grouper",NA
600427,"Nibea mitsukurii","Nibe croaker",NA
600428,"Larimichthys crocea","Large yellow croaker",NA
600429,"Leiostomus xanthurus","Spot croaker",NA
600432,"Pseudotolithus senegalensis","Cassava croaker",NA
600433,"Pseudotolithus elongatus","Bobo croaker",NA
600434,"Pennahia argentata","White croaker",NA
600436,"Pagellus bellottii","Red pandora",NA
600438,"Dentex macrophthalmus","Large-eye dentex",NA
600439,"Dentex dentex","Common dentex",NA
600440,"Dentex angolensis","Angola dentex",NA
600441,"Archosargus probatocephalus","Sheepshead seabream",NA
600442,"Argyrops spinifer","King soldierbream",NA
600443,"Argyrozona argyrozona","Carpenter seabream",NA
600444,"Cheimerius nufar","Santer seabream",NA
600447,"Petrus rupestris","Red steenbras",NA
600448,"Pterogymnus laniarius","Panga seabream",NA
600449,"Rhabdosargus globiceps","White stumpnose",NA
600450,"Lithognathus lithognathus","White steenbras",NA
600452,"Stenotomus chrysops","Scup",NA
600453,"Pseudupeneus prayensis","West African goatfish",NA
600458,"Tautoga onitis","Tautog",NA
600460,"Nemadactylus bergi","White morwong",NA
600461,"Cheilodactylus variegatus","Peruvian morwong",NA
600463,"Arctoscopus japonicus","Sailfin sandfish",NA
600464,"Parapercis colias","Blue cod",NA
600465,"Percophis brasiliensis","Brazilian flathead",NA
600466,"Eleginops maclovinus","Patagonian blennie",NA
600467,"Dissostichus eleginoides","Patagonian toothfish",NA
600468,"Notothenia rossii","Marbled rockcod",NA
600472,"Pleuragramma antarcticum","Antarctic silverfish",NA
600473,"Chaenocephalus aceratus","Blackfin icefish",NA
600474,"Champsocephalus gunnari","Mackerel icefish",1
600475,"Pseudochaenichthys georgianus","South Georgia icefish",NA
600476,"Chionodraco rastrospinosus","Ocellated icefish",NA
600477,"Channichthys rhinoceratus","Unicorn icefish",NA
600478,"Chaenodraco wilsoni","Spiny icefish",NA
600479,"Zoarces viviparus","Viviparous blenny",NA
600480,"Zoarces americanus","Ocean pout",NA
600481,"Trisopterus minutus","Poor cod",NA
600482,"Genypterus blacodes","Pink cusk-eel",NA
600483,"Genypterus chilensis","Red cusk-eel",NA
600484,"Genypterus maculatus","Black cusk-eel",NA
600485,"Genypterus capensis","Kingklip",NA
600486,"Brotula barbata","Bearded brotula",NA
600487,"Ammodytes personatus","Pacific sandeel",NA
600488,"Hypoptychus dybowskii","Korean sandeel",NA
600489,"Thyrsites atun","Snoek",NA
600490,"Thyrsitops lepidopoides","White snake mackerel",1
600491,"Pampus argenteus","Silver pomfret",NA
600492,"Peprilus triacanthus","American butterfish",NA
600493,"Peprilus simillimus","Pacific pompano",NA
600496,"Hyperoglyphe antarctica","Antarctic butterfish",NA
600497,"Psenopsis anomala","Melon seed",NA
600501,"Sebastes marinus","Ocean perch",NA
600502,"Sebastes entomelas","Widow rockfish",NA
600503,"Sebastes flavidus","Yellowtail rockfish",NA
600504,"Sebastes alutus","Pacific ocean perch",NA
600505,"Sebastes mentella","Deepwater redfish",NA
600507,"Chelidonichthys kumu","Bluefin gurnard",NA
600508,"Pterygotrigla polyommata","Latchet",NA
600509,"Ophiodon elongatus","Lingcod",NA
600510,"Pleurogrammus azonus","Okhostk atka mackerel",1
600512,"Anoplopoma fimbria","Sablefish",NA
600513,"Psettodes erumei","Indian spiny turbot",NA
600514,"Hippoglossus stenolepis","Pacific halibut",NA
600516,"Reinhardtius hippoglossoides","Greenland halibut",NA
600517,"Atheresthes stomias","Arrowtooth flounder",NA
600518,"Atheresthes evermanni","Kamchatka flounder",NA
600519,"Hippoglossoides elassodon","Flathead sole",NA
600520,"Limanda aspera","Yellowfin sole",NA
600521,"Limanda ferruginea","Yellowtail flounder",NA
600524,"Pseudopleuronectes americanus","Winter flounder",NA
600525,"Solea solea","Common sole",NA
600526,"Dicologlossa cuneata","Wedge sole",NA
600527,"Austroglossus microlepis","West coast sole",NA
600528,"Austroglossus pectoralis","Mud sole",NA
600529,"Scophthalmus rhombus","Brill",NA
600530,"Scophthalmus aquosus","Windowpane",NA
600531,"Stephanolepis cirrhifer","Thread-sail filefish",NA
600532,"Lophius americanus","American angler",NA
600545,"Anchoa mitchilli","Bay anchovy",NA
600547,"Cetengraulis edentulus","Atlantic anchoveta",NA
600548,"Cetengraulis mysticetus","Pacific anchoveta",NA
600572,"Labrus bergylta","Ballan wrasse",NA
600636,"Heptranchias perlo","Sharpnose sevengill shark",NA
600637,"Hexanchus griseus","Bluntnose sixgill shark",NA
600641,"Echinorhinus brucus","Bramble shark",NA
600645,"Lepidopus caudatus","Silver scabbardfish",NA
600646,"Aphanopus carbo","Black scabbardfish",NA
600648,"Centrophorus granulosus","Gulper shark",NA
600650,"Centrophorus lusitanicus","Lowfin gulper shark",NA
600653,"Centrophorus squamosus","Leafscale gulper shark",NA
600656,"Centroscyllium fabricii","Black dogfish",NA
600662,"Centroscymnus coelolepis","Portuguese dogfish",NA
600663,"Centroselachus crepidater","Longnose velvet dogfish",NA
600669,"Dalatias licha","Kitefin shark",NA
600670,"Deania calcea","Birdbeak dogfish",NA
600679,"Etmopterus granulosus","Southern lanternshark",NA
600687,"Etmopterus spinax","Velvet belly lantern shark",NA
600692,"Lichia amia","Leerfish",NA
600695,"Limanda limanda","Dab",NA
600700,"Scymnodon ringens","Knifetooth dogfish",NA
600704,"Somniosus rostratus","Little sleeper shark",NA
600706,"Lithognathus mormyrus","Striped seabream",NA
600716,"Lophius piscatorius","Angler",NA
600718,"Oxynotus centrina","Angular roughshark",NA
600719,"Oxynotus paradoxus","Sailfin roughshark",NA
600727,"Squatina argentina","Argentine angelshark",NA
600736,"Squatina squatina","Angelshark",NA
600747,"Carcharias taurus","Sand tiger shark",NA
600751,"Carcharodon carcharias","Great white shark",NA
600752,"Isurus oxyrinchus","Shortfin mako",NA
600753,"Isurus paucus","Longfin mako",NA
600754,"Maurolicus muelleri","Pearlsides",NA
600785,"Mugil cephalus","Flathead mullet",NA
600790,"Mullus barbatus barbatus","Red mullet",NA
600807,"Galeus melastomus","Blackmouth catshark",NA
600845,"Scyliorhinus canicula","Smallspotted catshark",NA
600850,"Oblada melanura","Saddled seabream",NA
600854,"Scyliorhinus stellaris","Nursehound",NA
600864,"Carcharhinus brachyurus","Copper shark",NA
600868,"Carcharhinus falciformis","Silky shark",NA
600874,"Carcharhinus limbatus","Blacktip shark",NA
600875,"Carcharhinus longimanus","Oceanic whitetip shark",NA
600878,"Carcharhinus obscurus","Dusky shark",NA
600880,"Carcharhinus plumbeus","Sandbar shark",NA
600884,"Carcharhinus sorrah","Spottail shark",NA
600886,"Galeocerdo cuvier","Tiger shark",NA
600889,"Pagellus acarne","Axillary seabream",NA
600890,"Pagellus bogaraveo","Blackspot seabream",NA
600893,"Pagellus erythrinus","Common pandora",NA
600898,"Prionace glauca","Blue shark",NA
600912,"Sphyrna lewini","Scalloped hammerhead",NA
600917,"Sphyrna zygaena","Smooth hammerhead",NA
600940,"Dasyatis akajei","Red stingray",NA
600941,"Atrobucca nibe","Longfin kob",NA
600950,"Platycephalus indicus","Bartail flathead",NA
600972,"Ablennes hians","Flat needlefish",NA
600977,"Tylosurus crocodilus crocodilus","Hound needlefish",NA
600983,"Caulolatilus chrysops","Atlantic goldeye tilefish",NA
601002,"Pseudocaranx dentex","White trevally",NA
601005,"Seriola dumerili","Greater amberjack",NA
601023,"Trisopterus esmarkii","Norway pout",NA
601042,"Lepidocybium flavobrunneum","Escolar",NA
601043,"Sardinella aurita","Round sardinella",1
601044,"Ruvettus pretiosus","Oilfish",NA
601047,"Sardinella maderensis","Madeiran sardinella",1
601055,"Saurida undosquamis","Brushtooth lizardfish",NA
601059,"Hemiramphus brasiliensis","Ballyhoo",NA
601072,"Lampris guttatus","Opah",NA
601077,"Lobotes surinamensis","Atlantic tripletail",NA
601078,"Lophius gastrophysus","Blackfin goosefish",NA
601079,"Megalops atlanticus","Tarpon",NA
601084,"Scomberesox saurus saurus","Atlantic saury",NA
601090,"Mugil liza","Liza",NA
601133,"Anchoa hepsetus","Broad-striped anchovy",NA
601164,"Sparus aurata","Gilthead seabream",NA
601181,"Sphoeroides maculatus","Northern puffer",NA
601191,"Sciaenops ocellatus","Red drum",NA
601198,"Stromateus fiatola","Blue butterfish",NA
601203,"Diplectrum formosum","Sand seabass",NA
601205,"Epinephelus flavolimbatus","Yellowedge grouper",NA
601206,"Epinephelus mystacinus","Misty grouper",NA
601207,"Epinephelus nigritus","Warsaw grouper",NA
601208,"Epinephelus niveatus","Snowy grouper",NA
601211,"Mycteroperca interstitialis","Yellowmouth grouper",NA
601212,"Mycteroperca microlepis","Gag",NA
601213,"Mycteroperca phenax","Scamp",NA
601216,"Mycteroperca venenosa","Yellowfin grouper",NA
601221,"Calamus bajonado","Jolthead porgy",NA
601235,"Sphyraena barracuda","Great barracuda",NA
601265,"Naso unicornis","Bluespine unicornfish",NA
601278,"Trachurus mediterraneus","Mediterranean horse mackerel",1
601279,"Trachurus picturatus","Blue jack mackerel",1
601288,"Trichiurus lepturus","Largehead hairtail",NA
601300,"Ariomma indica","Indian ariomma",NA
601306,"Umbrina cirrosa","Shi drum",NA
601319,"Beryx decadactylus","Alfonsino",NA
601320,"Beryx splendens","Splendid alfonsino",NA
601321,"Bothus pantherinus","Leopard flounder",NA
601327,"Mullus surmuletus","Striped red mullet",NA
601334,"Osmerus eperlanus","European smelt",NA
601336,"Pegusa lascaris","Sand sole",NA
601338,"Paralichthys dentatus","Summer flounder",NA
601340,"Phycis blennoides","Greater forkbeard",NA
601341,"Platichthys flesus","Flounder",NA
601342,"Pleuronectes platessa","European plaice",NA
601343,"Pollachius virens","Saithe",NA
601348,"Psetta maxima","Turbot",NA
601350,"Sardina pilchardus","European pilchard",NA
601351,"Paralichthys olivaceus","Bastard halibut",NA
601352,"Sebastes viviparus","Norway redfish",NA
601353,"Serranus cabrilla","Comber",NA
601356,"Spondyliosoma cantharus","Black seabream",NA
601357,"Sprattus sprattus","European sprat",NA
601363,"Trachinus draco","Greater weever",NA
601365,"Trachurus trachurus","Atlantic horse mackerel",1
601366,"Chelidonichthys lucerna","Tub gurnard",NA
601367,"Trisopterus luscus","Pouting",NA
601370,"Zeus faber","John dory",NA
601371,"Hippoglossus hippoglossus","Atlantic halibut",NA
601381,"Melanogrammus aeglefinus","Haddock",NA
601382,"Microstomus kitt","Lemon sole",NA
601383,"Molva dypterygia","Blue ling",NA
601391,"Etelis oculatus","Queen snapper",NA
601403,"Lutjanus analis","Mutton snapper",NA
601407,"Lutjanus argentimaculatus","Mangrove red snapper",NA
601408,"Lutjanus argentiventris","Yellow snapper",NA
601417,"Lutjanus bohar","Two-spot red snapper",NA
601423,"Lutjanus campechanus","Northern red snapper",NA
601452,"Chirocentrus nudus","Whitefin wolf-herring",1
601453,"Dussumieria acuta","Rainbow sardine",1
601454,"Dussumieria elopsoides","Slender rainbow sardine",1
601456,"Etrumeus whiteheadi","Whiteheads round herring",1
601458,"Spratelloides gracilis","Silverstriped round herring",1
601466,"Sprattus fuegensis","Falkland sprat",NA
601470,"Clupeonella cultriventris","Black Sea sprat",NA
601477,"Sardinops sagax","South American pilchard",NA
601484,"Opisthonema libertate","Pacific thread herring",1
601486,"Opisthonema oglinum","Atlantic thread herring",1
601494,"Herklotsichthys quadrimaculatus","Bluestripe herring",1
601505,"Sardinella brasiliensis","Brazilian sardinella",1
601508,"Sardinella gibbosa","Goldstripe sardinella",1
601510,"Sardinella lemuru","Bali sardinella",1
601511,"Sardinella longiceps","Indian oil sardine",1
601519,"Sardinella zunasi","Japanese sardinella",1
601520,"Clupea pallasii pallasii","Pacific herring",1
601530,"Strangomera bentincki","Araucanian herring",1
601574,"Alosa aestivalis","Blueback shad",NA
601582,"Alosa mediocris","Hickory shad",NA
601583,"Alosa pseudoharengus","Alewife",NA
601584,"Alosa sapidissima","American shad",NA
601587,"Brevoortia aurea","Brazilian menhaden",1
601589,"Brevoortia patronus","Gulf menhaden",1
601590,"Brevoortia pectinata","Argentine menhaden",1
601592,"Brevoortia tyrannus","Atlantic menhaden",1
601593,"Ethmidium maculatum","Pacific menhaden",1
601594,"Ethmalosa fimbriata","Bonga shad",NA
601596,"Tenualosa ilisha","Hilsa shad",NA
601600,"Tenualosa toli","Toli shad",NA
601604,"Dorosoma cepedianum","American gizzard shad",NA
601608,"Clupanodon thrissa","Chinese gizzard shad",NA
601609,"Konosirus punctatus","Konoshiro gizzard shad",NA
601616,"Nematalosa nasus","Blochs gizzard shad",NA
601619,"Anodontostoma chacunda","Chacunda gizzard shad",NA
601625,"Ilisha africana","West African ilisha",NA
601627,"Ilisha elongata","Elongate ilisha",NA
601641,"Pellona ditchela","Indian pellona",NA
601659,"Engraulis anchoita","Argentine anchoita",NA
601661,"Engraulis capensis","Cape anchovy",NA
601663,"Engraulis japonicus","Japanese anchovy",NA
601664,"Engraulis mordax","Californian anchovy",NA
601692,"Anthias anthias","Swallowtail seaperch",NA
601696,"Atherina boyeri","Big-scale sand smelt",NA
601706,"Chromis chromis","Damselfish",NA
601707,"Sciaena umbra","Brown meagre",NA
601722,"Lepidotrigla cavillone","Large-scaled gurnard",NA
601729,"Muraena helena","Mediterranean moray",NA
601732,"Mola mola","Ocean sunfish",NA
601734,"Mora moro","Common mora",NA
601735,"Liza aurata","Golden grey mullet",NA
601736,"Liza saliens","Leaping mullet",NA
601747,"Phycis phycis","Forkbeard",NA
601749,"Diplodus puntazzo","Sharpsnout seabream",NA
601752,"Diplodus annularis","Annular seabream",NA
601753,"Diplodus sargus sargus","White seabream",NA
601754,"Diplodus vulgaris","Common two-banded seabream",NA
601756,"Pagrus pagrus","Common seabream",NA
601758,"Scorpaena porcus","Black scorpionfish",NA
601759,"Scorpaena scrofa","Largescaled scorpionfish",NA
601766,"Spicara smaris","Picarel",NA
601773,"Trachinotus ovatus","Derbio",NA
601825,"Macruronus novaezelandiae","Blue grenadier",NA
601826,"Merluccius paradoxus","Deep-water Cape hake",NA
601827,"Merluccius angustimanus","Panama hake",NA
601828,"Merluccius capensis","Shallow-water Cape hake",NA
601843,"Lethrinus mahsena","Sky emperor",NA
601844,"Lethrinus borbonicus","Snubnose emperor",NA
601845,"Lethrinus microdon","Smalltooth emperor",NA
601846,"Lethrinus nebulosus","Spangled emperor",NA
601847,"Lethrinus obsoletus","Orange-striped emperor",NA
601851,"Lethrinus harak","Thumbprint emperor",NA
601852,"Lethrinus xanthochilus","Yellowlip emperor",NA
601863,"Lethrinus lentjan","Pink ear emperor",NA
601867,"Lethrinus atlanticus","Atlantic emperor",NA
601869,"Monotaxis grandoculis","Humpnose big-eye bream",NA
601874,"Enchelyopus cimbrius","Fourbeard rockling",NA
601879,"Microgadus proximus","Pacific tomcod",NA
601888,"Alectis alexandrinus","African threadfish",NA
601889,"Alepes djedaba","Shrimp scad",NA
601893,"Atule mate","Yellowtail scad",NA
601895,"Caranx ignobilis","Giant trevally",NA
601899,"Caranx rhonchus","False scad",NA
601906,"Caranx melampygus","Bluefin trevally",NA
601917,"Caranx sexfasciatus","Bigeye trevally",NA
601923,"Carangoides bajad","Orangespotted trevally",NA
601926,"Carangoides fulvoguttatus","Yellowspotted trevally",NA
601933,"Caranx crysos","Blue runner",NA
601937,"Chloroscombrus orqueta","Pacific bumper",NA
601938,"Decapterus macrosoma","Shortfin scad",NA
601939,"Decapterus maruadsi","Japanese scad",NA
601947,"Parastromateus niger","Black pomfret",NA
601950,"Scomberoides commersonnianus","Talang queenfish",NA
601951,"Scomberoides lysan","Doublespotted queenfish",NA
601953,"Scomberoides tol","Needlescaled queenfish",NA
601962,"Seriolina nigrofasciata","Blackbanded trevally",NA
601963,"Trachinotus blochii","Snubnose pompano",NA
601964,"Trachinotus mookalee","Indian pompano",NA
602005,"Antimora rostrata","Blue antimora",NA
602012,"Halargyreus johnsonii","Slender codling",NA
602014,"Laemonema longipes","Longfin codling",NA
602020,"Pseudophycis bachus","Red codling",NA
602023,"Tripterophycis gilchristi","Grenadier cod",NA
602058,"Dipturus batis","Blue skate",NA
602059,"Raja clavata","Thornback ray",NA
602060,"Dasyatis pastinaca","Common stingray",NA
602497,"Diplodus cervinus cervinus","Zebra seabream",NA
602499,"Chelon labrosus","Thicklip grey mullet",NA
602500,"Thalassoma pavo","Ornate wrasse",NA
602501,"Anarhichas lupus","Wolf-fish",NA
602503,"Chimaera monstrosa","Rabbit fish",NA
602508,"Epigonus telescopus","Bulls-eye",NA
602513,"Myxine glutinosa","Hagfish",NA
602530,"Petromyzon marinus","Sea lamprey",NA
602531,"Notorynchus cepedianus","Broadnose sevengill shark",NA
602534,"Alopias superciliosus","Bigeye thresher",NA
602535,"Alopias vulpinus","Thintail thresher",NA
602540,"Mustelus henlei","Brown smooth-hound",NA
602557,"Leucoraja erinacea","Little skate",NA
602561,"Dipturus laevis","Barndoor skate",NA
602572,"Dasyatis centroura","Roughtail stingray",NA
602577,"Gymnura altavela","Spiny butterfly ray",NA
602589,"Hydrolagus colliei","Spotted ratfish",NA
602669,"Coregonus autumnalis","Arctic cisco",NA
602674,"Coregonus nasus","Broad whitefish",NA
602678,"Coregonus sardinella","Sardine cisco",1
602691,"Salvelinus malma malma","Dolly varden",NA
602692,"Stenodus leucichthys","Inconnu",NA
602700,"Argentina silus","Greater argentine",NA
603255,"Zenopsis nebulosa","Mirror dory",NA
603267,"Regalecus glesne","King of herrings",1
603310,"Stereolepis gigas","Giant sea-bass",NA
603334,"Mycteroperca xenarcha","Broomtail grouper",NA
603539,"Caulolatilus princeps","Ocean whitefish",NA
603542,"Rachycentron canadum","Cobia",NA
603561,"Taractichthys steindachneri","Sickle pomfret",NA
603574,"Diplodus argenteus argenteus","South American silver porgy",NA
603578,"Atractoscion nobilis","White weakfish",NA
603611,"Pseudopentaceros richardsoni","Pelagic armorhead",NA
603671,"Semicossyphus pulcher","California sheephead",NA
603672,"Tautogolabrus adspersus","Cunner",NA
603810,"Anarhichas denticulatus","Northern wolffish",NA
603811,"Anarhichas minor","Spotted wolffish",NA
603915,"Tetrapturus angustirostris","Shortbill spearfish",NA
603920,"Hyperoglyphe bythites","Black driftfish",NA
603971,"Sebastes goodei","Chilipepper",NA
603979,"Sebastes melanops","Black rockfish",NA
603989,"Sebastes pinniger","Canary rockfish",NA
604009,"Sebastolobus alascanus","Shortspine thornyhead",NA
604037,"Pleurogrammus monopterygius","Atka mackerel",1
604122,"Triglopsis quadricornis","Fourhorn sculpin",NA
604140,"Scorpaenichthys marmoratus","Cabezon",NA
604215,"Citharichthys sordidus","Pacific sanddab",NA
604228,"Paralichthys californicus","California flounder",NA
604237,"Eopsetta jordani","Petrale sole",NA
604239,"Hippoglossoides platessoides","American plaice",NA
604247,"Microstomus pacificus","Dover sole",NA
604248,"Parophrys vetulus","English sole",NA
604249,"Platichthys stellatus","Starry flounder",NA
604250,"Pleuronectes quadrituberculatus","Alaska plaice",NA
604252,"Pleuronichthys decurrens","Curlfin sole",NA
604255,"Psettichthys melanostictus","West American sand sole",NA
604313,"Normanichthys crockeri","Normans camote",NA
604326,"Leucoraja naevus","Cuckoo ray",NA
604329,"Raja montagui","Spotted ray",NA
604330,"Myliobatis aquila","Common eagle ray",NA
604458,"Terapon jarbua","Jarbua terapon",NA
604460,"Epinephelus fuscoguttatus","Brown-marbled grouper",NA
604461,"Epinephelus tauvina","Greasy grouper",NA
604464,"Gnathanodon speciosus","Golden trevally",NA
604465,"Diagramma pictum","Painted sweetlips",NA
604493,"Sphyraena obtusata","Obtuse barracuda",NA
604504,"Psettodes belcheri","Spottail spiny turbot",NA
604538,"Dentex maroccanus","Morocco dentex",NA
604540,"Pagrus caeruleostictus","Bluespotted seabream",NA
604543,"Acanthopagrus bifasciatus","Twobar seabream",NA
604544,"Sillago sihama","Silver sillago",NA
604548,"Umbrina canariensis","Canary drum",NA
604552,"Raja brachyura","Blonde ray",NA
604556,"Trachyrincus scabrus","Roughsnout grenadier",NA
604559,"Nemipterus japonicus","Japanese threadfin bream",NA
604569,"Miichthys miiuy","Mi-iuy croaker",NA
604582,"Labrus merula","Brown wrasse",NA
604589,"Lateolabrax japonicus","Japanese seaperch",NA
604641,"Dentex congoensis","Congo dentex",NA
604642,"Galeorhinus galeus","Tope shark",NA
604702,"Notothenia coriiceps","Yellowbelly rockcod",NA
604708,"Pomadasys jubelini","Sompat grunt",NA
604722,"Callorhinchus milii","Ghost shark",NA
604740,"Acanthurus sohal","Sohal surgeonfish",NA
604791,"Mugil soiuy","So-iuy mullet",NA
604796,"Sarda chiliensis lineolata","Pacific bonito",NA
604824,"Otolithes ruber","Tiger-toothed croaker",NA
604826,"Plectropomus leopardus","Leopard coralgrouper",NA
604827,"Sphyraena jello","Pickhandle barracuda",NA
604887,"Spicara maena","Blotched picarel",NA
604923,"Epinephelus merra","Honeycomb grouper",NA
604943,"Citharus linguatula","Atlantic spotted flounder",NA
604959,"Elops lacerta","West African ladyfish",NA
604961,"Epinephelus goreensis","Dungat grouper",NA
604964,"Hoplostethus mediterraneus mediterraneus","Mediterranean slimehead",NA
604988,"Lophius vaillanti","Shortspine African angler",NA
604996,"Mustelus mustelus","Smooth-hound",NA
604997,"Nezumia aequalis","Common Atlantic grenadier",NA
605002,"Polydactylus quadrifilis","Giant African threadfin",NA
605003,"Pomadasys incisus","Bastard grunt",NA
605007,"Pontinus kuhlii","Offshore rockfish",NA
605008,"Promethichthys prometheus","Roudi escolar",NA
605009,"Pseudotolithus senegallus","Law croaker",NA
605038,"Trigla lyra","Piper gurnard",NA
605048,"Arripis trutta","Eastern Australian salmon",NA
605066,"Pagrus auriga","Redbanded seabream",NA
605071,"Alepocephalus rostratus","Rissos smooth-head",NA
605081,"Trigloporus lastoviza","Streaked gurnard",NA
605094,"Lophius budegassa","Black-bellied angler",NA
605098,"Borostomias antarcticus","Borostomias antarcticus",NA
605353,"Epinephelus morrhua","Comet grouper",NA
605354,"Variola louti","Yellow-edged lyretail",NA
605355,"Alosa fallax","Twaite shad",NA
605367,"Epinephelus areolatus","Areolate grouper",NA
605382,"Trachurus capensis","Cape horse mackerel",1
605429,"Halobatrachus didactylus","Lusitanian toadfish",NA
605492,"Raja microocellata","Small-eyed ray",NA
605503,"Rhynchobatus djiddensis","Giant guitarfish",NA
605504,"Chelidonichthys capensis","Cape gurnard",NA
605524,"Epinephelus chlorostigma","Brownspotted grouper",NA
605526,"Acanthopagrus berda","Picnic seabream",NA
605537,"Bolbometopon muricatum","Green humphead parrotfish",NA
605548,"Scarus ghobban","Blue-barred parrotfish",NA
605604,"Cheilinus undulatus","Humphead wrasse",NA
605659,"Valamugil seheli","Bluespot mullet",NA
605852,"Nemipterus randalli","Randalls threadfin bream",NA
605889,"Scolopsis taeniatus","Black-streaked monocle bream",NA
605933,"Mustelus lenticulatus","Spotted estuary smooth-hound",NA
605937,"Mustelus schmitti","Narrownose smooth-hound",NA
605938,"Mustelus asterias","Starry smooth-hound",NA
605983,"Mulloidichthys flavolineatus","Yellowstripe goatfish",NA
605996,"Gerres oyena","Common silver-biddy",NA
606006,"Pomadasys kaakan","Javelin grunter",NA
606082,"Plectropomus areolatus","Squaretail coralgrouper",NA
606317,"Totoaba macdonaldi","Totoaba",NA
606356,"Acanthopagrus latus","Yellowfin seabream",NA
606358,"Chirocentrus dorab","Dorab wolf-herring",1
606396,"Cephalopholis argus","Peacock hind",NA
606422,"Dipturus linteus","Sailray",NA
606426,"Pagrus auratus","Squirefish",NA
606441,"Aethaloperca rogaa","Redmouth grouper",NA
606444,"Cephalopholis boenak","Chocolate hind",NA
606447,"Cephalopholis hemistiktos","Yellowfin hind",NA
606450,"Cephalopholis miniata","Coral hind",NA
606457,"Cromileptes altivelis","Humpback grouper",NA
606465,"Epinephelus coioides","Orange-spotted grouper",NA
606470,"Epinephelus marginatus","Dusky grouper",NA
606473,"Epinephelus polyphekadion","Camouflage grouper",NA
606479,"Saurida tumbil","Greater lizardfish",NA
606507,"Sargocentron spiniferum","Sabre squirrelfish",NA
606531,"Acanthopagrus schlegelii schlegelii","Black porgy",NA
606948,"Bathyraja eatonii","Eatons skate",NA
606950,"Bathyraja maccaini","McCains skate",NA
606951,"Bathyraja meridionalis","Dark-belly skate",NA
606952,"Bathyraja murrayi","Murrays skate",NA
606953,"Amblyraja georgiana","Antarctic starry skate",NA
606954,"Amblyraja taaf","Whiteleg skate",NA
606957,"Diastobranchus capensis","Basketwork eel",NA
606960,"Bathylagus antarcticus","Antarctic deepsea smelt",NA
606974,"Benthalbella elongata","Benthalbella elongata",NA
606985,"Electrona carlsbergi","Electron subantarctic",NA
606990,"Gymnoscopelus nicholsi","Nicols lanterfish",NA
606998,"Lampanyctus achirus",NA,NA
607026,"Lycodichthys antarcticus",NA,NA
607039,"Dissostichus mawsoni","Antarctic toothfish",NA
607040,"Gobionotothen acuta","Triangular notothen",NA
607041,"Gobionotothen gibberifrons","Humped rockcod",NA
607045,"Lepidonotothen squamifrons","Grey rockcod",NA
607046,"Lepidonotothen mizops","Toad notothen",NA
607047,"Lepidonotothen nudifrons","Gaudy notothen",NA
607048,"Lepidonotothen larseni","Lepidonotothen larseni",NA
607052,"Patagonotothen brevicauda brevicauda","Patagonian rockcod",NA
607054,"Trematomus eulepidotus","Blunt scalyhead",NA
607055,"Trematomus hansoni","Striped rockcod",NA
607082,"Pogonophryne permitini","Pogonophryne permitini",NA
607103,"Parachaenichthys georgianus","Antarctic dragonfish",NA
607108,"Chionobathyscus dewitti","Chionobathyscus dewitti",NA
607109,"Chionodraco hamatus","Crocodile icefish",NA
607110,"Chionodraco myersi","Chionodraco myersi",NA
607111,"Cryodraco antarcticus","Cryodraco antarcticus",NA
607113,"Neopagetopsis ionah","Bible icefish",NA
607120,"Mancopsetta maculata antarctica","Antarctic armless flounder",NA
607126,"Muraenolepis microps","Smalleye moray cod",NA
607137,"Macrourus carinatus","Ridge scaled rattail",NA
607138,"Macrourus holotrachys","Bigeye grenadier",NA
607139,"Macrourus whitsoni","Whitsons Grenadier",NA
607145,"Psilodraco breviceps","Antarctic dragonfish",NA
607151,"Pseudocyttus maculatus","Smooth oreo",NA
607152,"Zanclorhynchus spinifer","Spiny horsefish",NA
607327,"Balistes capriscus","Grey triggerfish",NA
607354,"Epinephelus multinotatus","White-blotched grouper",NA
607366,"Epinephelus summana","Summan grouper",NA
607430,"Plectropomus pessuliferus","Roving coralgrouper",NA
607614,"Leucoraja circularis","Sandy ray",NA
607616,"Dipturus oxyrinchus","Longnosed skate",NA
607617,"Raja undulata","Undulate ray",NA
607618,"Mobula mobular","Devil fish",NA
607619,"Leucoraja fullonica","Shagreen ray",NA
607620,"Micropogonias furnieri","Whitemouth croaker",NA
607703,"Plectorhinchus gaterinus","Blackspotted rubberlips",NA
607706,"Plectorhinchus schotaf","Minstrel sweetlip",NA
607708,"Pomadasys stridens","Striped piggy",NA
607903,"Pomacanthus maculosus","Yellowbar angelfish",NA
607931,"Crenidens crenidens","Karenteen seabream",NA
607945,"Pelates quadrilineatus","Fourlined terapon",NA
608092,"Parapristipoma octolineatum","African striped grunt",NA
608166,"Rhabdosargus haffara","Haffara seabream",NA
608172,"Odontesthes regia","Silverside",NA
608173,"Girella tricuspidata","Luderick",NA
608289,"Fistularia corneta","Pacific cornetfish",NA
608315,"Plectorhinchus pictus","Trout sweetlips",NA
608390,"Seriolella porosa","Choicy ruff",NA
608421,"Bregmaceros mcclellandi","Spotted codlet",NA
608483,"Lepidorhynchus denticulatus","Thorntooth grenadier",NA
608490,"Rexea solandri","Silver gemfish",NA
608540,"Aphanopus intermedius","Intermediate scabbardfish",NA
608556,"Pseudopleuronectes herzensteini","Littlemouth flounder",NA
608816,"Cephalopholis fulva","Coney",NA
608852,"Solea senegalensis","Senegalese sole",NA
608924,"Raja asterias","Starry ray",NA
608991,"Spectrunculus grandis","Pudgy cuskeel",NA
609000,"Hydrolagus mirabilis","Large-eyed rabbitfish",NA
609005,"Rhinochimaera atlantica","Spearnose chimaera",NA
609146,"Neocyttus rhomboidalis","Spiky oreo",NA
609256,"Amblyraja hyperborea","Arctic skate",NA
609907,"Gerres nigri","Guinean striped mojarra",NA
609908,"Plectorhinchus macrolepis","Biglip grunt",NA
610106,"Nemadactylus macropterus","Tarakihi",NA
610190,"Schedophilus pemarco","Pemarco blackfish",NA
610220,"Arius thalassinus","Giant seacatfish",NA
610238,"Benthosema pterotum","Skinnycheek lanternfish",NA
610256,"Lophius vomerinus","Cape monk",NA
610307,"Cheilopogon agoo","Japanese flyingfish",NA
610308,"Patagonotothen ramsayi","Ramsay's icefish",NA
610676,"Cyttus traversi","King dory",NA
611820,"Abudefduf luridus","Canary damsel",NA
612005,"Paratrachichthys trailli","Sandpaper fish",NA
612354,"Paristiopterus labiosus","Giant boarfish",NA
612357,"Pentaceros decacanthus","Bigspined boarfish",NA
612547,"Coregonus muksun","Muksun",NA
612917,"Prolatilus jugularis","Tilefish",NA
612918,"Seriolella brama","Common warehou",NA
612919,"Seriolella caerulea","White warehou",NA
612920,"Kathetostoma giganteum","Giant stargazer",NA
612922,"Seriolella punctata","Silver warehou",NA
612962,"Allocyttus niger","Black oreo",NA
613025,"Sparisoma cretense","Parrotfish",NA
613139,"Meuschenia scaber","Velvet leatherjacket",NA
613144,"Zearaja nasuta","New Zealand rough skate",NA
613146,"Hydrolagus novaezealandiae","Dark ghost shark",NA
614063,"Mullus argentinae","Argentine goatfish",NA
614129,"Centroberyx affinis","Redfish",NA
614242,"Centriscops humerosus","Banded yellowfish",NA
614290,"Thunnus orientalis","Pacific bluefin tuna",NA
614354,"Lepidoperca pulchella","Orange perch",NA
614383,"Scarus persicus","Gulf parrotfish",NA
614693,"Merluccius gayi peruanus","Peruvian hake",NA
615380,"Rhynchobatus australiae","White-spotted shovelnose ray",NA
615483,"Himantura gerrardi","Sharpnose stingray",NA
624237,"Lepidopsetta bilineata","Rock sole",NA
628128,"Grammoplites suppositus","Spotfin flathead",NA
628143,"Peprilus paru","American harvestfish",NA
646376,"Liza klunzingeri","Klunzingers mullet",NA
646941,"Coregonus laurettae","Bering cisco",NA
649232,"Capromimus abbreviatus","Capro dory",NA
650136,"Pseudopercis semifasciata","Argentinian sandperch",NA
657505,"Bathyraja irrasa","Kerguelen sandpaper skate",NA
657506,"Chelon haematocheilus","So-iny (redlip) mullet",NA
690003,"Pandalus montagui","Aesop shrimp",NA
690005,"Acetes japonicus","Akiami paste shrimp",NA
690009,"Crassostrea virginica","American cupped oyster",NA
690010,"Homarus americanus","American lobster",NA
690011,"Placopecten magellanicus","American sea scallop",NA
690013,"Metanephrops andamanicus","Andaman lobster",NA
690016,"Euphausia superba","Antarctic krill",NA
690018,"Paralomis spinosissima","Antarctic stone crab",NA
690022,"Pleoticus muelleri","Argentine red shrimp",NA
690023,"Illex argentinus","Argentine shortfin squid",NA
690024,"Artemesia longinaris","Argentine stiletto shrimp",NA
690029,"Ensis directus","Atlantic razor clam",NA
690030,"Argopecten irradians","Atlantic bay scallop",NA
690031,"Cancer irroratus","Atlantic rock crab",NA
690032,"Xiphopenaeus kroyeri","Atlantic seabob",NA
690033,"Spisula solidissima","Atlantic surf clam",NA
690036,"Mytilus planulatus","Australian mussel",NA
690039,"Panulirus cygnus","Australian spiny lobster",NA
690042,"Fenneropenaeus merguiensis","Banana prawn",NA
690043,"Pollicipes pollicipes","Barnacle",NA
690047,"Menippe mercenaria","Black stone crab",NA
690049,"Haliotis rubra","Blacklip abalone",NA
690050,"Anadara granosa","Blood cockle",NA
690051,"Aristeus antennatus","Blue and red shrimp",NA
690052,"Callinectes sapidus","Blue crab",NA
690053,"Mytilus edulis","Blue mussel",NA
690054,"Litopenaeus stylirostris","Blue shrimp",NA
690055,"Portunus pelagicus","Blue swimming crab",NA
690059,"Illex coindetii","Broadtail shortfin squid",NA
690060,"Perna viridis","Brown mussel",NA
690064,"Saxidomus gigantea","Butter clam",NA
690065,"Argopecten gibbus","Calico scallop",NA
690067,"Loligo vulgaris","Cape Hope squid",NA
690069,"Jasus lalandii","Cape rock lobster",NA
690070,"Melicertus kerathurus","Caramote prawn",NA
690071,"Panulirus argus","Caribbean spiny lobster",NA
690075,"Ostrea chilensis","Chilean flat oyster",NA
690076,"Mytilus chilensis","Chilean mussel",NA
690077,"Heterocarpus reedi","Chilean nylon shrimp",NA
690078,"Loxechinus albus","Chilean sea urchin",NA
690081,"Aulacomya ater","Cholga mussel",NA
690082,"Choromytilus chorus","Choro mussel",NA
690085,"Sepia officinalis","Common cuttlefish",NA
690087,"Cardium edule","Common edible cockle",NA
690088,"Octopus vulgaris","Common octopus",NA
690089,"Littorina littorea","Common periwinkle",NA
690090,"Palaemon serratus","Common prawn",NA
690091,"Crangon crangon","Common shrimp",NA
690092,"Palinurus elephas","Common spiny lobster",NA
690100,"Farfantepenaeus brevirostris","Crystal shrimp",NA
690105,"Callinectes danae","Dana's swimming crab",NA
690109,"Parapenaeus longirostris","Deepwater rose shrimp",NA
690115,"Cancer magister","Dungeness crab",NA
690119,"Cancer pagurus","Edible crab",NA
690120,"Metapenaeus endeavouri","Endeavour shrimp",NA
690122,"Echinus esculentus","European edible sea urchin",NA
690123,"Ostrea edulis","European flat oyster",NA
690124,"Todarodes sagittatus","European flying squid",NA
690125,"Homarus gammarus","European lobster",NA
690126,"Solen vagina","European razor clam",NA
690127,"Concholepas concholepas","False abalone",NA
690133,"Fenneropenaeus chinensis","Fleshy prawn",NA
690143,"Portunus trituberculatus","Gazami crab",NA
690146,"Haliotis gigantea","Giant abalone",NA
690151,"Penaeus monodon","Giant tiger prawn",NA
690156,"Pecten maximus","Great Atlantic scallop",NA
690157,"Pecten jacobaeus","Great Mediterranean scallop",NA
690158,"Carcinus maenas","Green crab",NA
690161,"Jasus verreauxi","Green rock lobster",NA
690163,"Penaeus semisulcatus","Green tiger prawn",NA
690166,"Ruditapes decussatus","Grooved carpet shell",NA
690167,"Microcosmus sulcatus","Grooved sea squirt",NA
690168,"Parapenaeopsis atlantica","Guinea shrimp",NA
690169,"Scapharca cornea","Half-crenated ark",NA
690176,"Mactra sachalinensis","Hen clam",NA
690180,"Turbo cornutus","Horned turban",NA
690182,"Limulus polyphemus","Horseshoe crab",NA
690185,"Chlamys islandica","Iceland scallop",NA
690189,"Fenneropenaeus indicus","Indian white prawn",NA
690190,"Scylla serrata","Indo-Pacific swamp crab",NA
690194,"Haliporoides sibogae","Jack-knife shrimp",NA
690196,"Ruditapes philippinarum","Japanese carpet shell",NA
690198,"Todarodes pacificus","Japanese flying squid",NA
690199,"Meretrix lusoria","Japanese hard clam",NA
690201,"Apostichopus japonicus","Japanese sea cucumber",NA
690203,"Cancer borealis","Jonah crab",NA
690205,"Jasus frontalis","Juan Fernandez rock lobster",NA
690206,"Dosidicus gigas","Jumbo flying squid",NA
690215,"Haliporoides triarthrus","Knife shrimp",NA
690217,"Solenocera agassizii","Kolibri shrimp",NA
690218,"Mytilus coruscus","Korean mussel",NA
690219,"Marsupenaeus japonicus","Kuruma prawn",NA
690227,"Loligo pealeii","Longfin squid",NA
690228,"Panulirus longipes","Longlegged spiny lobster",NA
690230,"Mesodesma donacium","Macha clam",NA
690232,"Crassostrea rhizophorae","Mangrove cupped oyster",NA
690241,"Mytilus galloprovincialis","Mediterranean mussel",NA
690242,"Carcinus aestuarii","Mediterranean shore crab",NA
690249,"Metanephrops mozambicus","Mozambique lobster",NA
690253,"Palinurus delagoae","Natal spiny lobster",NA
690256,"Ostrea lutaria","New Zealand dredge oyster",NA
690257,"Metanephrops challengeri","New Zealand lobster",NA
690259,"Pecten novaezelandiae","New Zealand scallop",NA
690265,"Farfantepenaeus aztecus","Northern brown shrimp",NA
690268,"Farfantepenaeus duorarum","Northern pink shrimp",NA
690269,"Pandalus borealis","Northern prawn",NA
690270,"Mercenaria mercenaria","Northern quahog",NA
690271,"Illex illecebrosus","Northern shortfin squid",NA
690272,"Litopenaeus setiferus","Northern white shrimp",NA
690273,"Nephrops norvegicus","Norway lobster",NA
690274,"Meganyctiphanes norvegica","Norwegian krill",NA
690275,"Arctica islandica","Ocean quahog",NA
690279,"Ostrea lurida","Olympia flat oyster",NA
690282,"Argopecten ventricosus","Pacific calico scallop",NA
690283,"Crassostrea gigas","Pacific cupped oyster",NA
690284,"Panopea abrupta","Pacific geoduck",NA
690285,"Protothaca staminea","Pacific littleneck clam",NA
690286,"Siliqua patula","Pacific razor clam",NA
690287,"Cancer productus","Pacific rock crab",NA
690288,"Xiphopenaeus kroyeri","Atlantic seabob",NA
690296,"Loligo gahi","Patagonian squid",NA
690302,"Haliotis midae","Perlemoen abalone",NA
690303,"Argopecten purpuratus","Peruvian calico scallop",NA
690305,"Palinurus mauritanicus","Pink spiny lobster",NA
690309,"Tapes pullastra","Pullet carpet shell",NA
690313,"Chionoecetes opilio","Queen crab",NA
690314,"Aequipecten opercularis","Queen scallop",NA
690318,"Pyura stolonifera","Red bait",NA
690320,"Chaceon quinquedens","Red deepsea crab",NA
690321,"Jasus edwardsii","Red rock lobster",NA
690322,"Pyura chilensis","Red sea squirt",NA
690325,"Paralomis aculeata","Red stone crab",NA
690327,"Farfantepenaeus brasiliensis","Redspotted shrimp",NA
690328,"Penaeus penicillatus","Redtail prawn",NA
690332,"Mytilus platensis","River Plata mussel",NA
690334,"Sicyonia brevirostris","Rock shrimp",NA
690335,"Pleoticus robustus","Royal red shrimp",NA
690337,"Mya arenaria","Sand gaper",NA
690338,"Farfantepenaeus paulensis","Sao Paulo shrimp",NA
690341,"Panulirus homarus","Scalloped spiny lobster",NA
690343,"Plesiopenaeus edwardsianus","Scarlet shrimp",NA
690354,"Martialia hyadesi","Sevenstar flying squid",NA
690356,"Metapenaeus joyneri","Shiba shrimp",NA
690364,"Crassostrea iredalei","Slipper cupped oyster",NA
690370,"Paralomis granulosa","Softshell red crab",NA
690374,"Perna perna","South American rock mussel",NA
690377,"Lithodes antarcticus","Southern king crab",NA
690378,"Farfantepenaeus notialis","Southern pink shrimp",NA
690379,"Trachysalambria curvirostris","Southern rough shrimp",NA
690381,"Palinurus gilchristi","Southern spiny lobster",NA
690383,"Metapenaeus monoceros","Speckled shrimp",NA
690387,"Maja squinado","Spinous spider crab",NA
690392,"Squilla mantis","Spottail mantis squillid",NA
690398,"Mactromeris polynyma","Stimpsons surf clam",NA
690399,"Lithodes maia","Stone king crab",NA
690400,"Paracentrotus lividus","Stony sea urchin",NA
690403,"Aristeus varidens","Striped red shrimp",NA
690404,"Venus (=Chamelea) gallina","Striped venus",NA
690411,"Protothaca thaca","Taca clam",NA
690420,"Haliotis tuberculata","Tuberculate abalone",NA
690423,"Chlamys varia","Variegated scallop",NA
690425,"Necora puber","Velvet swimcrab",NA
690429,"Patinopecten caurinus","Weathervane scallop",NA
690430,"Nototodarus sloanii","Wellington flying squid",NA
690432,"Melicertus latisulcatus","Western king prawn",NA
690433,"Litopenaeus occidentalis","Western white shrimp",NA
690434,"Buccinum undatum","Whelk",NA
690440,"Litopenaeus vannamei","Whiteleg shrimp",NA
690444,"Farfantepenaeus californiensis","Yellowleg shrimp",NA
690445,"Pecten yessoensis","Yesso scallop",NA
690455,"Paralomis formosa","King crab",NA
690470,"Ommastrephes bartramii","Neon flying squid",NA
690595,"Loligo forbesii","Veined Squid",NA
690598,"Scyllarides latus","Mediterranean slipper lobster",NA
690606,"Cervimunida johni","Carrot Squat Lobster",NA
690608,"Erimacrus isenbeckii","Hair Crab",NA
690609,"Haliporoides diomedeae","Chilean nylon shrimp",NA
690610,"Heterocarpus vicarius","Northern nylon shrimp",NA
690611,"Ibacus ciliatus","Sand Crayfish",NA
690612,"Lithodes aequispinus","Same-spine stone crab",NA
690613,"Megabalanus psittacus","Giant barnacle",NA
690615,"Pandalopsis japonica","Sidestripe shrimp",NA
690616,"Pandalus goniurus","Humpy shrimp",NA
690617,"Pandalus hypsinotus","Humpback shrimp",NA
690618,"Pandalus kessleri","Grass shrimp",NA
690619,"Panulirus gracilis","Blue spiny lobster",NA
690620,"Paralithodes brevipes","Spiny king crab",NA
690621,"Paralithodes camtschaticus","Red king crab",NA
690622,"Paralithodes platypus","Blue King Crab",NA
690624,"Pleuroncodes monodon","Squat Lobster",NA
690625,"Pleuroncodes planipes","Pelagic red crab",NA
690627,"Cilus gilberti","Corvina",NA
690628,"Sicyonia ingentis","Ridgeback shrimp",NA
690629,"Tivela mactroides","Trigonal tivela",NA
690631,"Spisula ovalis","Venus clam",NA
690651,"Clinocardium nuttallii","Nuttall cockle",NA
690658,"Loligo opalescens","California market squid",NA
690660,"Pandalus jordani","Ocean shrimp",NA
690665,"Upogebia pugettensis","Blue mud shrimp",NA
690671,"Spisula solida","Surf clam",NA
690674,"Zidona dufresnei","Angulate volute",NA
690675,"Tapes rhomboides","Banded carpet shell",NA
690676,"Liocarcinus depurator","Blue-leg swimcrab",NA
690677,"Semele solida","Chilean semele",NA
690678,"Glycymeris glycymeris","Dog cockle",NA
690679,"Chlamys delicatula","Delicate scallop",NA
690680,"Palaemon longirostris","Delta prawn",NA
690681,"Thenus orientalis","Flathead lobster",NA
690682,"Tawera gayi","Gay's little venus",NA
690683,"Aristaeomorpha foliacea","Giant red shrimp",NA
690684,"Eledone cirrhosa","Horned octopus",NA
690686,"Zygochlamys patagonica","Patagonean scallop",NA
690688,"Paphies australis","Pipi wedge clam",NA
690690,"Callista chione","Smooth callista",NA
690692,"Chione stutchburyi","Stutchbury's venus",NA
690693,"Venus verrucosa","Warty venus",NA
690694,"Nematopalaemon schmitti","Whitebelly prawn",NA
690696,"Jasus novaehollandiae","Southern rock lobster",NA
690750,"Tonna galea","Helmet ton",NA
690751,"Pitar rostratus","Rostrate pitar",NA
690753,"Chaceon affinis","Deep-sea red crab",NA
690754,"Ensis ensis","Pod razor",NA
690759,"Pharus legumen","Bean solen",NA
